Episode,AgentReward,P1Score,P2Score,P3Score,P4Score
1,32.0,32.0,26,9.0,26.0
2,22.0,22.0,32.0,20.0,19
3,9.0,9.0,32,20.0,32.0
4,32.0,32.0,9.0,35.0,17
5,22.0,22.0,22.0,32.0,17
6,32.0,32.0,20.0,19,22.0
7,9.0,9.0,23,32.0,29.0
8,32,32,20.0,32.0,9.0
9,6,6,35.0,20.0,32.0
10,16,16,32.0,10.0,35.0
11,19.0,19.0,32.0,10.0,32
12,22.0,22.0,23.0,32.0,16
13,19.0,19.0,22.0,20,32.0
14,9.0,9.0,35.0,17,32.0
15,32.0,32.0,29.0,10.0,22
16,29.0,29.0,20.0,12.0,32
17,16,16,13.0,35.0,29.0
18,22.0,22.0,32.0,17,22.0
19,22.0,22.0,22.0,32.0,17
20,22.0,22.0,29,19.0,23.0
21,19.0,19.0,22.0,23.0,29
22,35.0,35.0,29.0,17,12.0
23,32,32,20.0,32.0,9.0
24,12.0,12.0,32,29.0,20.0
25,9.0,9.0,35.0,20.0,29
26,32.0,32.0,17,22.0,22.0
27,26,26,19.0,13.0,35.0
28,19.0,19.0,22.0,20,32.0
29,32.0,32.0,19.0,23.0,19
30,32.0,32.0,26,10.0,25.0
31,12.0,12.0,35.0,26,20.0
32,32.0,32.0,19.0,19,23.0
33,32.0,32.0,16,23.0,22.0
34,35.0,35.0,19.0,32.0,7
35,32.0,32.0,6,35.0,20.0
36,16,16,22.0,23.0,32.0
37,6,6,35.0,20.0,32.0
38,22.0,22.0,32.0,16,23.0
39,32.0,32.0,29.0,10.0,22
40,19.0,19.0,22.0,23.0,29
41,22.0,22.0,32.0,19.0,20
42,19.0,19.0,22.0,20,32.0
43,16,16,22.0,23.0,32.0
44,22.0,22.0,32.0,20.0,19
45,19,19,23.0,32.0,19.0
46,29.0,29.0,10.0,22,32.0
47,35.0,35.0,29.0,19.0,10
48,29,29,19.0,23.0,22.0
49,22.0,22.0,22.0,32.0,17
50,32.0,32.0,19.0,23.0,19
51,32.0,32.0,6,35.0,20.0
52,22.0,22.0,32.0,20.0,19
53,32.0,32.0,26,9.0,26.0
54,32.0,32.0,7,35.0,19.0
55,6,6,35.0,20.0,32.0
56,19.0,19.0,19,23.0,32.0
57,19.0,19.0,22.0,23.0,29
58,32.0,32.0,17,22.0,22.0
59,22.0,22.0,29,20.0,22.0
60,25.0,25.0,32.0,26,10.0
61,19.0,19.0,13.0,32,29.0
62,19.0,19.0,19,23.0,32.0
63,12.0,12.0,35.0,26,20.0
64,19.0,19.0,29,10.0,35.0
65,32.0,32.0,19.0,22.0,20
66,9.0,9.0,35.0,20.0,29
67,32.0,32.0,29.0,9.0,23
68,19,19,32.0,20.0,22.0
69,32.0,32.0,26,10.0,25.0
70,29,29,19.0,23.0,22.0
71,32.0,32.0,19.0,20,22.0
72,32.0,32.0,9.0,35.0,17
73,19.0,19.0,10,35.0,29.0
74,22.0,22.0,20,32.0,19.0
75,19.0,19.0,22.0,20,32.0
76,19.0,19.0,32.0,10.0,32
77,19.0,19.0,32.0,10.0,32
78,29,29,19.0,22.0,23.0
79,32.0,32.0,16,22.0,23.0
80,19.0,19.0,23.0,19,32.0
81,35.0,35.0,19.0,29,10.0
82,32.0,32.0,16,23.0,22.0
83,32.0,32.0,16,23.0,22.0
84,19,19,32.0,20.0,22.0
85,26,26,19.0,13.0,35.0
86,26,26,19.0,13.0,35.0
87,19.0,19.0,19,23.0,32.0
88,22.0,22.0,29,19.0,23.0
89,19,19,22.0,32.0,20.0
90,19.0,19.0,32.0,10.0,32
91,35.0,35.0,29.0,17,12.0
92,32,32,29.0,20.0,12.0
93,16,16,32.0,10.0,35.0
94,32,32,20.0,32.0,9.0
95,29,29,19.0,22.0,23.0
96,22.0,22.0,29,20.0,22.0
97,19,19,23.0,32.0,19.0
98,22.0,22.0,29,19.0,23.0
99,9.0,9.0,26.0,32.0,26
100,32,32,19.0,32.0,10.0
101,19.0,19.0,32.0,7,35.0
102,32.0,32.0,19.0,20,22.0
103,22.0,22.0,19,32.0,20.0
104,32.0,32.0,6,35.0,20.0
105,35.0,35.0,20.0,29,9.0
106,26,26,19.0,13.0,35.0
107,16,16,13.0,35.0,29.0
108,29,29,9.0,35.0,20.0
109,32.0,32.0,29.0,9.0,23
110,19.0,19.0,22.0,23.0,29
111,29,29,19.0,23.0,22.0
112,29,29,29.0,10.0,25.0
113,32.0,32.0,26,10.0,25.0
114,19.0,19.0,19,23.0,32.0
115,32.0,32.0,20.0,22.0,19
116,6,6,35.0,20.0,32.0
117,19.0,19.0,23.0,19,32.0
118,19,19,32.0,20.0,22.0
119,22.0,22.0,23.0,29,19.0
120,22.0,22.0,23.0,32.0,16
121,9.0,9.0,35.0,20.0,29
122,29.0,29.0,6,26.0,32.0
123,19.0,19.0,20,22.0,32.0
124,29.0,29.0,9.0,23,32.0
125,16,16,23.0,22.0,32.0
126,35.0,35.0,29.0,20.0,9
127,22.0,22.0,29,19.0,23.0
128,32.0,32.0,26,9.0,26.0
129,19,19,22.0,32.0,20.0
130,19.0,19.0,32.0,10.0,32
131,32.0,32.0,10.0,32,19.0
132,19.0,19.0,23.0,22.0,29
133,19.0,19.0,29,10.0,35.0
134,22.0,22.0,20,32.0,19.0
135,19.0,19.0,22.0,23.0,29
136,29,29,19.0,23.0,22.0
137,29.0,29.0,9.0,26.0,29
138,19.0,19.0,22.0,20,32.0
139,26,26,19.0,13.0,35.0
140,19,19,32.0,19.0,23.0
141,26,26,9.0,26.0,32.0
142,29,29,19.0,22.0,23.0
143,32.0,32.0,7,35.0,19.0
144,32,32,29.0,20.0,12.0
145,6,6,35.0,20.0,32.0
146,19.0,19.0,13.0,35.0,26
147,19,19,32.0,20.0,22.0
148,32.0,32.0,19.0,23.0,19
149,22.0,22.0,20,32.0,19.0
150,19.0,19.0,32.0,7,35.0
151,35.0,35.0,29.0,19.0,10
152,32.0,32.0,19.0,20,22.0
153,6,6,35.0,20.0,32.0
154,22.0,22.0,32.0,20.0,19
155,9.0,9.0,26.0,29,29.0
156,22.0,22.0,32.0,20.0,19
157,9.0,9.0,35.0,17,32.0
158,22.0,22.0,20,32.0,19.0
159,19,19,32.0,20.0,22.0
160,29,29,29.0,10.0,25.0
161,32.0,32.0,19.0,23.0,19
162,19.0,19.0,22.0,23.0,29
163,32.0,32.0,20.0,22.0,19
164,29.0,29.0,19.0,10,35.0
165,32.0,32.0,17,22.0,22.0
166,9.0,9.0,32,20.0,32.0
167,16,16,22.0,23.0,32.0
168,29,29,19.0,23.0,22.0
169,26,26,19.0,13.0,35.0
170,32.0,32.0,19.0,19,23.0
171,9.0,9.0,32,20.0,32.0
172,9.0,9.0,35.0,17,32.0
173,29.0,29.0,19.0,10,35.0
174,9.0,9.0,35.0,17,32.0
175,19.0,19.0,32.0,10.0,32
176,19.0,19.0,20,22.0,32.0
177,9.0,9.0,32,20.0,32.0
178,19.0,19.0,13.0,32,29.0
179,32.0,32.0,19.0,20,22.0
180,19.0,19.0,32.0,7,35.0
181,29.0,29.0,6,26.0,32.0
182,22.0,22.0,23.0,29,19.0
183,32.0,32.0,10.0,35.0,16
184,22.0,22.0,23.0,29,19.0
185,19,19,32.0,20.0,22.0
186,16,16,22.0,23.0,32.0
187,19.0,19.0,22.0,23.0,29
188,35.0,35.0,20.0,29,9.0
189,19.0,19.0,22.0,23.0,29
190,16,16,32.0,10.0,35.0
191,9,9,35.0,29.0,20.0
192,32.0,32.0,10.0,35.0,16
193,32.0,32.0,6,35.0,20.0
194,32.0,32.0,16,23.0,22.0
195,26,26,9.0,26.0,32.0
196,29.0,29.0,7,25.0,32.0
197,22.0,22.0,23.0,29,19.0
198,32.0,32.0,19.0,23.0,19
199,29,29,10.0,35.0,19.0
200,25.0,25.0,29,29.0,10.0
201,29.0,29.0,6,26.0,32.0
202,19.0,19.0,23.0,22.0,29
203,35.0,35.0,17,32.0,9.0
204,22.0,22.0,23.0,32.0,16
205,29.0,29.0,19.0,13.0,32
206,32.0,32.0,19.0,23.0,19
207,9.0,9.0,35.0,20.0,29
208,29.0,29.0,19.0,10,35.0
209,22.0,22.0,32.0,19.0,20
210,9.0,9.0,32,20.0,32.0
211,19,19,23.0,32.0,19.0
212,9.0,9.0,35.0,17,32.0
213,32,32,20.0,32.0,9.0
214,22.0,22.0,32.0,20.0,19
215,32.0,32.0,16,22.0,23.0
216,22.0,22.0,32.0,20.0,19
217,22.0,22.0,22.0,32.0,17
218,29.0,29.0,19.0,10,35.0
219,22.0,22.0,23.0,32.0,16
220,19,19,23.0,32.0,19.0
221,19.0,19.0,19,23.0,32.0
222,22.0,22.0,23.0,29,19.0
223,22.0,22.0,32.0,17,22.0
224,29,29,20.0,22.0,22.0
225,9.0,9.0,26.0,29,29.0
226,16,16,13.0,35.0,29.0
227,35.0,35.0,20.0,32.0,6
228,32.0,32.0,20.0,19,22.0
229,16,16,22.0,23.0,32.0
230,9.0,9.0,32,20.0,32.0
231,35.0,35.0,17,32.0,9.0
232,19.0,19.0,32.0,7,35.0
233,19,19,23.0,32.0,19.0
234,32.0,32.0,7,35.0,19.0
235,22.0,22.0,20,32.0,19.0
236,32.0,32.0,20.0,22.0,19
237,29.0,29.0,19.0,10,35.0
238,22.0,22.0,29,20.0,22.0
239,32.0,32.0,10.0,32,19.0
240,32.0,32.0,16,23.0,22.0
241,26,26,19.0,13.0,35.0
242,16,16,23.0,22.0,32.0
243,35.0,35.0,29.0,17,12.0
244,29.0,29.0,19.0,13.0,32
245,35.0,35.0,20.0,32.0,6
246,16,16,22.0,23.0,32.0
247,22.0,22.0,23.0,29,19.0
248,19.0,19.0,13.0,35.0,26
249,19,19,23.0,32.0,19.0
250,32.0,32.0,19.0,20,22.0
251,22.0,22.0,32.0,16,23.0
252,22.0,22.0,22.0,32.0,17
253,9,9,35.0,29.0,20.0
254,16,16,22.0,23.0,32.0
255,19.0,19.0,19,23.0,32.0
256,16,16,22.0,23.0,32.0
257,32.0,32.0,17,22.0,22.0
258,6,6,26.0,32.0,29.0
259,32.0,32.0,19.0,23.0,19
260,22.0,22.0,19,32.0,20.0
261,9.0,9.0,32,20.0,32.0
262,32,32,19.0,32.0,10.0
263,29.0,29.0,6,26.0,32.0
264,19.0,19.0,32.0,7,35.0
265,35.0,35.0,20.0,29,9.0
266,9.0,9.0,32,20.0,32.0
267,22.0,22.0,29,20.0,22.0
268,9.0,9.0,26.0,29,29.0
269,29,29,19.0,23.0,22.0
270,6,6,35.0,20.0,32.0
271,19.0,19.0,19,23.0,32.0
272,19.0,19.0,13.0,35.0,26
273,29.0,29.0,16,13.0,35.0
274,22.0,22.0,29,20.0,22.0
275,16,16,13.0,35.0,29.0
276,16,16,23.0,22.0,32.0
277,6,6,26.0,32.0,29.0
278,16,16,22.0,23.0,32.0
279,22.0,22.0,23.0,29,19.0
280,22.0,22.0,23.0,32.0,16
281,19.0,19.0,19,23.0,32.0
282,32.0,32.0,10.0,35.0,16
283,19.0,19.0,19,23.0,32.0
284,16,16,23.0,22.0,32.0
285,6,6,35.0,20.0,32.0
286,32.0,32.0,20.0,19,22.0
287,16,16,22.0,23.0,32.0
288,19.0,19.0,29,10.0,35.0
289,16,16,22.0,23.0,32.0
290,22.0,22.0,23.0,29,19.0
291,16,16,32.0,10.0,35.0
292,35.0,35.0,17,32.0,9.0
293,32,32,20.0,32.0,9.0
294,19.0,19.0,22.0,20,32.0
295,19.0,19.0,13.0,32,29.0
296,29.0,29.0,6,26.0,32.0
297,32.0,32.0,16,23.0,22.0
298,6,6,35.0,20.0,32.0
299,6,6,26.0,32.0,29.0
300,9.0,9.0,35.0,17,32.0
301,35.0,35.0,29.0,17,12.0
302,22.0,22.0,23.0,29,19.0
303,29.0,29.0,19.0,10,35.0
304,29.0,29.0,20.0,9,35.0
305,32.0,32.0,16,23.0,22.0
306,32.0,32.0,20.0,22.0,19
307,19.0,19.0,22.0,23.0,29
308,22.0,22.0,32.0,20.0,19
309,19,19,32.0,20.0,22.0
310,29,29,29.0,10.0,25.0
311,32.0,32.0,19.0,20,22.0
312,32.0,32.0,17,22.0,22.0
313,6,6,35.0,20.0,32.0
314,32.0,32.0,20.0,22.0,19
315,22.0,22.0,29,20.0,22.0
316,9.0,9.0,26.0,32.0,26
317,16,16,22.0,23.0,32.0
318,29,29,19.0,23.0,22.0
319,19.0,19.0,29,10.0,35.0
320,29.0,29.0,19.0,13.0,32
321,32.0,32.0,16,23.0,22.0
322,9.0,9.0,32,20.0,32.0
323,19.0,19.0,22.0,20,32.0
324,32,32,20.0,32.0,9.0
325,22.0,22.0,32.0,20.0,19
326,9.0,9.0,35.0,17,32.0
327,29.0,29.0,19.0,10,35.0
328,32.0,32.0,16,23.0,22.0
329,19.0,19.0,22.0,23.0,29
330,19.0,19.0,22.0,23.0,29
331,29.0,29.0,9.0,26.0,29
332,35.0,35.0,20.0,29,9.0
333,19.0,19.0,23.0,19,32.0
334,19.0,19.0,32.0,10.0,32
335,19.0,19.0,20,22.0,32.0
336,26,26,9.0,26.0,32.0
337,22.0,22.0,20,32.0,19.0
338,19.0,19.0,22.0,20,32.0
339,32.0,32.0,19.0,20,22.0
340,16,16,32.0,10.0,35.0
341,32.0,32.0,7,35.0,19.0
342,22.0,22.0,23.0,32.0,16
343,29.0,29.0,6,26.0,32.0
344,19.0,19.0,13.0,32,29.0
345,32.0,32.0,7,35.0,19.0
346,19.0,19.0,22.0,23.0,29
347,22.0,22.0,20,32.0,19.0
348,19.0,19.0,32.0,7,35.0
349,16,16,22.0,23.0,32.0
350,22.0,22.0,29,20.0,22.0
351,19.0,19.0,20,22.0,32.0
352,32.0,32.0,10.0,32,19.0
353,29.0,29.0,9.0,26.0,29
354,29.0,29.0,20.0,9,35.0
355,26,26,10.0,25.0,32.0
356,9.0,9.0,35.0,20.0,29
357,29.0,29.0,19.0,13.0,32
358,29,29,20.0,22.0,22.0
359,19.0,19.0,22.0,23.0,29
360,32.0,32.0,19.0,20,22.0
361,19.0,19.0,22.0,23.0,29
362,29.0,29.0,9.0,26.0,29
363,6,6,35.0,20.0,32.0
364,19.0,19.0,22.0,23.0,29
365,22.0,22.0,29,20.0,22.0
366,32.0,32.0,10.0,35.0,16
367,9.0,9.0,35.0,20.0,29
368,32.0,32.0,20.0,19,22.0
369,32.0,32.0,10.0,32,19.0
370,22.0,22.0,23.0,32.0,16
371,35.0,35.0,17,32.0,9.0
372,22.0,22.0,20,32.0,19.0
373,35.0,35.0,16,32.0,10.0
374,19.0,19.0,10,35.0,29.0
375,29,29,19.0,23.0,22.0
376,29.0,29.0,19.0,13.0,32
377,19.0,19.0,22.0,23.0,29
378,19.0,19.0,32.0,10.0,32
379,35.0,35.0,20.0,29,9.0
380,22.0,22.0,23.0,32.0,16
381,22.0,22.0,32.0,20.0,19
382,29,29,19.0,23.0,22.0
383,29.0,29.0,19.0,10,35.0
384,22.0,22.0,20,32.0,19.0
385,29,29,20.0,22.0,22.0
386,22.0,22.0,23.0,32.0,16
387,9.0,9.0,23,32.0,29.0
388,16,16,22.0,23.0,32.0
389,35.0,35.0,20.0,29,9.0
390,29.0,29.0,16,13.0,35.0
391,32.0,32.0,19.0,23.0,19
392,29,29,20.0,22.0,22.0
393,22.0,22.0,20,32.0,19.0
394,22.0,22.0,20,32.0,19.0
395,19.0,19.0,23.0,19,32.0
396,19.0,19.0,13.0,35.0,26
397,9.0,9.0,35.0,20.0,29
398,19.0,19.0,22.0,20,32.0
399,9.0,9.0,32,20.0,32.0
400,29.0,29.0,20.0,9,35.0
401,22.0,22.0,32.0,17,22.0
402,32.0,32.0,10.0,35.0,16
403,19.0,19.0,22.0,23.0,29
404,32,32,29.0,20.0,12.0
405,32.0,32.0,19.0,23.0,19
406,22.0,22.0,29,20.0,22.0
407,22.0,22.0,20,32.0,19.0
408,22.0,22.0,32.0,17,22.0
409,19.0,19.0,23.0,19,32.0
410,19.0,19.0,22.0,20,32.0
411,32.0,32.0,17,22.0,22.0
412,35.0,35.0,29.0,17,12.0
413,32.0,32.0,29.0,7,25.0
414,6,6,35.0,20.0,32.0
415,19.0,19.0,19,23.0,32.0
416,19,19,23.0,32.0,19.0
417,29,29,20.0,22.0,22.0
418,22.0,22.0,32.0,20.0,19
419,26,26,19.0,13.0,35.0
420,32.0,32.0,17,22.0,22.0
421,32,32,20.0,32.0,9.0
422,22.0,22.0,32.0,17,22.0
423,29.0,29.0,9.0,26.0,29
424,22.0,22.0,20,32.0,19.0
425,32.0,32.0,17,22.0,22.0
426,22.0,22.0,20,32.0,19.0
427,29.0,29.0,20.0,12.0,32
428,19.0,19.0,19,23.0,32.0
429,9.0,9.0,35.0,20.0,29
430,29,29,20.0,22.0,22.0
431,22.0,22.0,29,20.0,22.0
432,16,16,22.0,23.0,32.0
433,22.0,22.0,22.0,32.0,17
434,29,29,20.0,22.0,22.0
435,32.0,32.0,20.0,22.0,19
436,32.0,32.0,19.0,20,22.0
437,32.0,32.0,10.0,32,19.0
438,9.0,9.0,23,32.0,29.0
439,9.0,9.0,26.0,32.0,26
440,35.0,35.0,17,32.0,9.0
441,19,19,23.0,32.0,19.0
442,19.0,19.0,23.0,19,32.0
443,19.0,19.0,13.0,35.0,26
444,22.0,22.0,32.0,20.0,19
445,19.0,19.0,19,23.0,32.0
446,32.0,32.0,10.0,35.0,16
447,29,29,20.0,22.0,22.0
448,35.0,35.0,20.0,29,9.0
449,32.0,32.0,20.0,22.0,19
450,35.0,35.0,17,32.0,9.0
451,26,26,9.0,26.0,32.0
452,9.0,9.0,26.0,32.0,26
453,19.0,19.0,23.0,22.0,29
454,22.0,22.0,29,20.0,22.0
455,32.0,32.0,16,23.0,22.0
456,29.0,29.0,10.0,22,32.0
457,22.0,22.0,23.0,32.0,16
458,22.0,22.0,22.0,32.0,17
459,19.0,19.0,23.0,19,32.0
460,19.0,19.0,23.0,19,32.0
461,6,6,26.0,32.0,29.0
462,19.0,19.0,23.0,22.0,29
463,29,29,20.0,22.0,22.0
464,35.0,35.0,20.0,32.0,6
465,32.0,32.0,29.0,7,25.0
466,32.0,32.0,10.0,32,19.0
467,32.0,32.0,19.0,20,22.0
468,32.0,32.0,10.0,35.0,16
469,35.0,35.0,20.0,32.0,6
470,19,19,23.0,32.0,19.0
471,32,32,20.0,32.0,9.0
472,32.0,32.0,20.0,22.0,19
473,9.0,9.0,26.0,32.0,26
474,26,26,19.0,13.0,35.0
475,32.0,32.0,10.0,32,19.0
476,32.0,32.0,10.0,35.0,16
477,29,29,20.0,22.0,22.0
478,19.0,19.0,23.0,19,32.0
479,16,16,23.0,22.0,32.0
480,26,26,20.0,12.0,35.0
481,19,19,23.0,32.0,19.0
482,29.0,29.0,20.0,9,35.0
483,19.0,19.0,22.0,23.0,29
484,32.0,32.0,7,35.0,19.0
485,19.0,19.0,19,23.0,32.0
486,32,32,20.0,32.0,9.0
487,16,16,13.0,35.0,29.0
488,19.0,19.0,22.0,20,32.0
489,35.0,35.0,20.0,32.0,6
490,16,16,22.0,23.0,32.0
491,9.0,9.0,23,32.0,29.0
492,29,29,19.0,23.0,22.0
493,19.0,19.0,29,10.0,35.0
494,22.0,22.0,20,32.0,19.0
495,6,6,35.0,20.0,32.0
496,9.0,9.0,32,20.0,32.0
497,35.0,35.0,20.0,29,9.0
498,22.0,22.0,20,32.0,19.0
499,32.0,32.0,19.0,23.0,19
500,29.0,29.0,19.0,10,35.0
